{
    "providers": [
        {"type": "bitmap", "file": "minecraft:guis/pixel.png","ascent": -2000,"height": -3,"chars": ["七"]},
        {"type": "bitmap", "file": "minecraft:guis/diamondxr/menu.png","ascent": 13,"height": 135,"chars": ["ㇺ"]},
		{"type": "bitmap", "file": "minecraft:guis/donate/donate_select.png","ascent": 13,"height": 135,"chars": ["✓"]},
		{"type": "bitmap", "file": "minecraft:guis/rewards/rewards1.png","ascent": 13,"height": 136,"chars": ["✛"]},
		{"type": "bitmap", "file": "minecraft:guis/donate/backitemmenu.png","ascent": 9,"height": 13,"chars": ["ᴔ"]},
		{"type": "bitmap", "file": "minecraft:guis/donate/donatetextmenu.png","ascent": 19,"height": 55,"chars": ["ᴉ"]},
		{"type": "bitmap", "file": "minecraft:guis/donate/donatemenu3.png","ascent": 13,"height": 135,"chars": ["ᶈ"]},
		{"type": "bitmap", "file": "minecraft:guis/donate/donatemenu4.png","ascent": 13,"height": 135,"chars": ["ᶉ"]},
		{"type": "bitmap", "file": "minecraft:guis/donate/donatemenu5.png","ascent": 13,"height": 135,"chars": ["ᶊ"]},
		{"type": "bitmap", "file": "minecraft:guis/donate/donatemenu6.png","ascent": 13,"height": 135,"chars": ["ᶋ"]},
		{"type": "bitmap", "file": "minecraft:guis/donate/donatemenu7.png","ascent": 13,"height": 135,"chars": ["ᴓ"]},
		{"type": "bitmap", "file": "minecraft:guis/donate/craftsmenu.png","ascent": 13,"height": 135,"chars": ["ᶛ"]},
		{"type": "bitmap", "file": "minecraft:guis/donate/survivalmenu1.png","ascent": 28,"height": 153,"chars": ["ᶌ"]},
		{"type": "bitmap", "file": "minecraft:guis/donate/survivalmenu2.png","ascent": 28,"height": 153,"chars": ["ᶍ"]},
		{"type": "bitmap", "file": "minecraft:guis/donate/survivalmenu3.png","ascent": 28,"height": 153,"chars": ["ᶎ"]},
		{"type": "bitmap", "file": "minecraft:guis/donate/survivalmenuauction.png","ascent": 28,"height": 153,"chars": ["ᶱ"]},
		{"type": "bitmap", "file": "minecraft:guis/donate/survivalmenureaward.png","ascent": 28,"height": 153,"chars": ["ᵺ"]},
		{"type": "bitmap", "file": "minecraft:guis/donate/survivalmenucase.png","ascent": 28,"height": 153,"chars": ["ᵽ"]},
		{"type": "bitmap", "file": "minecraft:guis/donate/survivalmenushop.png","ascent": 28,"height": 153,"chars": ["ᶃ"]},
		{"type": "bitmap", "file": "minecraft:guis/donate/survivalmenushop1.png","ascent": 28,"height": 153,"chars": ["ᶀ"]},
		{"type": "bitmap", "file": "minecraft:guis/donate/survivalmenuaccept.png","ascent": 28,"height": 153,"chars": ["ᶁ"]},
		{"type": "bitmap", "file": "minecraft:guis/donate/casemenu.png","ascent": 13,"height": 81,"chars": ["⅄"]},
		{"type": "bitmap", "file": "minecraft:guis/donate/goldenmoney.png","ascent": 11,"height": 16,"chars": ["⅃"]},
		{"type": "bitmap", "file": "minecraft:guis/donate/gem.png","ascent": 10,"height": 16,"chars": ["Ý"]},
		{"type": "bitmap", "file": "minecraft:guis/donate/menuitempet1.png","ascent": 10,"height": 16,"chars": ["℞"]},
		{"type": "bitmap", "file": "minecraft:guis/donate/globalchatitem.png","ascent": 10,"height": 16,"chars": ["℠"]},
		{"type": "bitmap", "file": "minecraft:guis/tags/tag1.png","ascent": 8,"height": 8,"chars": ["℡"]},
		{"type": "bitmap", "file": "minecraft:guis/attributes/defense.png","ascent": 8,"height": 10,"chars": ["℥"]},
		{"type": "bitmap", "file": "minecraft:guis/attributes/wisdom.png","ascent": 8,"height": 10,"chars": ["Ω"]},
		{"type": "bitmap", "file": "minecraft:guis/attributes/strength.png","ascent": 8,"height": 10,"chars": ["℧"]},
		{"type": "bitmap", "file": "minecraft:guis/tags/player.png","ascent": 8,"height": 9,"chars": ["⍺"]},
		{"type": "bitmap", "file": "minecraft:guis/tags/vip.png","ascent": 8,"height": 9,"chars": ["⍹"]},
		{"type": "bitmap", "file": "minecraft:guis/tags/premium.png","ascent": 8,"height": 9,"chars": ["⍸"]},
		{"type": "bitmap", "file": "minecraft:guis/tags/legendary.png","ascent": 8,"height": 9,"chars": ["⍷"]},
		{"type": "bitmap", "file": "minecraft:guis/tags/lord.png","ascent": 8,"height": 9,"chars": ["⍶"]},
		{"type": "bitmap", "file": "minecraft:guis/tags/titan.png","ascent": 8,"height": 9,"chars": ["⍵"]},
		{"type": "bitmap", "file": "minecraft:guis/tags/imperator.png","ascent": 8,"height": 9,"chars": ["⍴"]},
		{"type": "bitmap", "file": "minecraft:guis/tags/sponsor.png","ascent": 8,"height": 9,"chars": ["Ό"]},
		{"type": "bitmap", "file": "minecraft:guis/tags/admin.png","ascent": 8,"height": 8,"chars": ["ῷ"]},
		{"type": "bitmap", "file": "minecraft:guis/tags/donatetag.png","ascent": 7,"height": 8,"chars": ["ᶨ"]},
		{"type": "bitmap", "file": "minecraft:guis/tags/rewardstag.png","ascent": 7,"height": 8,"chars": ["ᶤ"]},
		{"type": "bitmap", "file": "minecraft:guis/tags/recipes.png","ascent": 7,"height": 8,"chars": ["ᴥ"]},
		{"type": "bitmap", "file": "minecraft:guis/tags/common.png","ascent": 7,"height": 8,"chars": ["ᴭ"]},
		{"type": "bitmap", "file": "minecraft:guis/tags/uncommon.png","ascent": 7,"height": 8,"chars": ["ᴮ"]},
		{"type": "bitmap", "file": "minecraft:guis/tags/rare.png","ascent": 7,"height": 8,"chars": ["ᴯ"]},
		{"type": "bitmap", "file": "minecraft:guis/tags/epic.png","ascent": 7,"height": 8,"chars": ["ᵬ"]},
		{"type": "bitmap", "file": "minecraft:guis/tags/legendary1.png","ascent": 7,"height": 8,"chars": ["ᵭ"]},
		{"type": "bitmap", "file": "minecraft:guis/tags/mythic.png","ascent": 7,"height": 8,"chars": ["ᵮ"]},
		{"type": "bitmap", "file": "minecraft:guis/tags/sweatlandsurvival.png","ascent": 14,"height": 25,"chars": ["ᵹ"]},
		{"type": "bitmap", "file": "minecraft:guis/tags/clickleft.png","ascent": 12,"height": 22,"chars": ["⌘"]}
    ]
}